Role,Company,Location
Software Engineer,Microsoft,"Bengaluru, Karnataka, India"
Software Engineer,Microsoft,"Bengaluru, Karnataka, India"
Software Engineer,Microsoft,"Hyderabad, Telangana, India"
Software Engineer,Microsoft,"Bengaluru, Karnataka, India"
Software Engineer,Microsoft,"Bengaluru, Karnataka, India"
Software Engineer,Cisco,"Bengaluru, Karnataka, India"
Software Engineer 1,Intuit,"Bengaluru, Karnataka, India"
Software Engineer,Microsoft,India
Software Engineer,Microsoft,India
Software Engineer,Microsoft,"Hyderabad, Telangana, India"
Software Developer 2,Oracle,"Hyderabad, Telangana, India"
Software Engineer,Deloitte,"Hyderabad, Telangana, India"
Software Engineer I,Electronic Arts (EA),"Hyderabad, Telangana, India"
Software Engineer -2,Microsoft,"Hyderabad, Telangana, India"
Software Engineer I,Electronic Arts (EA),"Hyderabad, Telangana, India"
Full Stack Developer (Java),NxtWave,"Hyderabad, Telangana, India"
Software Engineer- MTS,Salesforce,"Hyderabad, Telangana, India"
Full Stack Software Developer Engineer,NxtWave,"Hyderabad, Telangana, India"
Software Engineer,Microsoft,"Hyderabad, Telangana, India"
Software Engineer,Microsoft,"Hyderabad, Telangana, India"
